{
  "trained_at_ns": 1774510730142600000,
  "train_ticks": 1000,
  "train_epochs": 3,
  "seq_len": 64,
  "d_spatial": 64,
  "d_temporal": 128,
  "metrics": {
    "loss_return": 0.009481946006417274,
    "loss_direction": 1.1876740455627441,
    "loss_risk": 0.1664806827902794,
    "loss_tc": 3.4532627068983857e-05,
    "loss_total": 0.4989721477031708
  },
  "oos_holdout_mse": {
    "incumbent": 0.0009327122710482048,
    "challenger": 0.00026367647729705286,
    "selected": "challenger"
  }
}