{
  "trained_at_ns": 1774118318423880000,
  "train_ticks": 1000,
  "train_epochs": 3,
  "seq_len": 64,
  "d_spatial": 64,
  "d_temporal": 128,
  "metrics": {
    "loss_return": 9.222856897395104e-05,
    "loss_direction": 0.17825405299663544,
    "loss_risk": 0.003738424158655107,
    "loss_tc": 1.3014147413059618e-06,
    "loss_total": 0.09034091234207153
  },
  "oos_holdout_mse": {
    "incumbent": 1.5116212583643242e-05,
    "challenger": 2.3588920960911928e-07,
    "selected": "challenger"
  }
}