{
  "trained_at_ns": 1774557488899288000,
  "train_ticks": 1000,
  "train_epochs": 3,
  "seq_len": 64,
  "d_spatial": 32,
  "d_temporal": 64,
  "n_temp_layers": 1,
  "metrics": {
    "loss_return": 0.0700184516608715,
    "loss_direction": 1.2608144879341125,
    "loss_risk": 0.42369629442691803,
    "loss_tc": 3.12547643943617e-06,
    "loss_total": 1.2768732905387878
  }
}