{
  "trained_at_ns": 1774780372431041000,
  "train_ticks": 1000,
  "train_epochs": 3,
  "seq_len": 64,
  "d_spatial": 64,
  "d_temporal": 128,
  "metrics": {
    "loss_return": 0.013383472338318825,
    "loss_direction": 2.9974870681762695,
    "loss_risk": 0.03555331379175186,
    "loss_tc": 5.22335164987453e-06,
    "loss_total": 0.6133003532886505
  },
  "oos_holdout_mse": {
    "incumbent": 0.0002568400716477067,
    "challenger": 0.00042561501142208594,
    "selected": "incumbent",
    "challenger_dir_loss": 1.3676878213882446
  }
}