{
  "trained_at_ns": 1774116435573197000,
  "train_ticks": 1000,
  "train_epochs": 3,
  "seq_len": 64,
  "d_spatial": 64,
  "d_temporal": 128,
  "metrics": {
    "loss_return": 8.634638106741477e-06,
    "loss_direction": 0.16933449357748032,
    "loss_risk": 2.6716017635999845e-12,
    "loss_tc": 0.0,
    "loss_total": 0.08467588201165199
  },
  "oos_holdout_mse": {
    "incumbent": 1.2770893152490475e-05,
    "challenger": 4.91662386016254e-05,
    "selected": "incumbent"
  }
}