{
  "trained_at_ns": 1774110548664731000,
  "train_ticks": 1000,
  "train_epochs": 3,
  "seq_len": 64,
  "d_spatial": 64,
  "d_temporal": 128,
  "metrics": {
    "loss_return": 5.4575715694227256e-05,
    "loss_direction": 0.34257666766643524,
    "loss_risk": 0.00021034834207966924,
    "loss_tc": 1.5830245470027648e-07,
    "loss_total": 0.17140603065490723
  },
  "oos_holdout_mse": {
    "incumbent": 5.2312422581152975e-05,
    "challenger": 1.765977878384394e-06,
    "selected": "challenger"
  }
}