{
  "trained_at_ns": 1774550305304403000,
  "train_ticks": 1000,
  "train_epochs": 3,
  "seq_len": 64,
  "d_spatial": 32,
  "d_temporal": 64,
  "n_temp_layers": 1,
  "metrics": {
    "loss_return": 0.057061584666371346,
    "loss_direction": 0.9442340135574341,
    "loss_risk": 0.7073005735874176,
    "loss_tc": 1.470570651918024e-06,
    "loss_total": 1.4507569670677185
  }
}