{
  "trained_at_ns": 1774339551758501000,
  "train_ticks": 1000,
  "train_epochs": 3,
  "seq_len": 64,
  "d_spatial": 64,
  "d_temporal": 128,
  "metrics": {
    "loss_return": 0.0030428824247792363,
    "loss_direction": 1.0101029872894287,
    "loss_risk": 0.012231719214469194,
    "loss_tc": 1.999774519845232e-05,
    "loss_total": 0.5117659270763397
  },
  "oos_holdout_mse": {
    "incumbent": 3.7074774264929013e-06,
    "challenger": 2.9678284517747696e-05,
    "selected": "incumbent"
  }
}