{
  "trained_at_ns": 1773692040048360000,
  "train_ticks": 400,
  "train_epochs": 5,
  "seq_len": 64,
  "d_spatial": 64,
  "d_temporal": 128,
  "metrics": {
    "loss_return": 0.0005571852088905871,
    "loss_direction": 1.2276614904403687,
    "loss_risk": 0.6952106058597565,
    "loss_tc": 2.64668801719381e-06,
    "loss_total": 0.8229513764381409
  }
}