{
  "trained_at_ns": 1774695755098429000,
  "train_ticks": 1000,
  "train_epochs": 3,
  "seq_len": 64,
  "d_spatial": 64,
  "d_temporal": 128,
  "metrics": {
    "loss_return": 0.02497765328735113,
    "loss_direction": 0.8523127436637878,
    "loss_risk": 0.14619409292936325,
    "loss_tc": 3.845342689601239e-06,
    "loss_total": 0.21219057589769363
  },
  "oos_holdout_mse": {
    "incumbent": 0.0003868018882009235,
    "challenger": 0.001230306162016235,
    "selected": "incumbent",
    "challenger_dir_loss": 0.7518043915430704
  }
}