{
  "trained_at_ns": 1774510734133407000,
  "train_ticks": 1000,
  "train_epochs": 3,
  "seq_len": 64,
  "d_spatial": 32,
  "d_temporal": 64,
  "n_temp_layers": 1,
  "metrics": {
    "loss_return": 0.05134900100529194,
    "loss_direction": 1.2089921236038208,
    "loss_risk": 0.4055406302213669,
    "loss_tc": 4.1827581753750565e-06,
    "loss_total": 1.5031407475471497
  }
}