{
  "trained_at_ns": 1774708082627906000,
  "train_rows": 1000,
  "train_window_ticks": 1000,
  "regime_retrain_every_ticks": 1000,
  "spread_means": [
    0.49794873673321977,
    2.941369450993264,
    1.9522658464621392,
    1.3671379379567965
  ],
  "spread_range": 2.443420714260044,
  "regime_names": [
    "calm",
    "illiquid",
    "trending",
    "shock"
  ],
  "artifact_version": "r2-regime-hmm-v1"
}