{
  "version": "r2-regime-hmm-v1",
  "n_regimes": 4,
  "feature_columns": [
    "vol_20",
    "spread_20",
    "depth_20",
    "queue_imbalance",
    "log_ret_1"
  ],
  "regime_names": [
    "shock",
    "illiquid",
    "trending",
    "calm"
  ],
  "initial_probs": [
    9.999999995749943e-13,
    9.999999995749943e-13,
    9.999999995749943e-13,
    0.999999999997
  ],
  "transition_matrix": [
    [
      0.9047619069227241,
      0.04761904652259153,
      0.0476190465536844,
      9.99999999999e-13
    ],
    [
      9.99999999999015e-13,
      0.9473686165163377,
      1.2520328904505142e-12,
      0.05263138348141027
    ],
    [
      0.005944071894493275,
      9.99999999998e-13,
      0.9940559281035067,
      9.99999999998e-13
    ],
    [
      0.003433297671765166,
      9.99999999999e-13,
      0.0017166519797474575,
      0.9948500503474873
    ]
  ],
  "means": [
    [
      4.618543062360036,
      0.009999999999877766,
      6.238176718708824,
      9.44716417876025,
      1.2616397772262384
    ],
    [
      1.3047434980596602,
      0.010000000000115956,
      7.228904804443344,
      9.560990105472072,
      0.0
    ],
    [
      1.2281560435178849e-17,
      0.010000000000045792,
      6.1989283911763815,
      8.273501445342976,
      0.0
    ],
    [
      7.097899892864053e-18,
      0.01000000000021836,
      7.974466070816519,
      9.56919460934803,
      0.0
    ]
  ],
  "variances": [
    [
      2.1796182525902754,
      1e-06,
      0.8946711340991061,
      0.016170808889220952,
      22.284641204708898
    ],
    [
      0.18915417680363925,
      1e-06,
      0.8532731570100636,
      1.9433436632411852e-05,
      1e-06
    ],
    [
      1e-06,
      1e-06,
      0.38304642982539655,
      1.8611957398378853,
      1e-06
    ],
    [
      1e-06,
      1e-06,
      0.13687163874974265,
      3.691821297067747e-05,
      1e-06
    ]
  ],
  "scales": [
    1.1938589670848156e-06,
    1.0,
    9.778320582881861,
    0.10440820450217894,
    1.2270379158721124e-06
  ]
}