{
  "version": "r2-regime-hmm-v1",
  "n_regimes": 4,
  "feature_columns": [
    "vol_20",
    "spread_20",
    "depth_20",
    "queue_imbalance",
    "log_ret_1"
  ],
  "regime_names": [
    "calm",
    "shock",
    "illiquid",
    "trending"
  ],
  "initial_probs": [
    0.9999999999969997,
    9.999999999797193e-13,
    9.999999999797193e-13,
    9.999999999797193e-13
  ],
  "transition_matrix": [
    [
      0.9504465272700314,
      0.049553472727968534,
      9.999999999980045e-13,
      9.999999999980045e-13
    ],
    [
      0.2931924441632892,
      0.08004019004721948,
      0.5732139129403528,
      0.05355345284913854
    ],
    [
      9.99999999998095e-13,
      0.14380704428765922,
      0.8561929557103407,
      9.99999999998095e-13
    ],
    [
      9.999999999980003e-13,
      0.024947758316128416,
      9.999999999980003e-13,
      0.9750522416818715
    ]
  ],
  "means": [
    [
      0.28872005665380995,
      7.14045130079787,
      2.9728690195827334,
      -1.2342910016181448,
      0.0
    ],
    [
      1.4212989078475287,
      7.651996481789376,
      2.9055431858973106,
      -0.09993370979565476,
      0.24182625011078035
    ],
    [
      1.089869795492978,
      8.001770047447865,
      2.607804091212023,
      0.6856460550804405,
      0.0
    ],
    [
      0.45070708038910196,
      5.775086115822459,
      4.1835414510381606,
      0.4329038742273594,
      0.0
    ]
  ],
  "variances": [
    [
      0.1332732647274859,
      0.29020070935125225,
      0.35466131239104876,
      0.002417660549981165,
      1e-06
    ],
    [
      1.8438664049733677,
      0.9110613776497345,
      1.1712673567312542,
      0.8920334700218011,
      13.102242929136745
    ],
    [
      1.6903220207971439,
      0.7785236971370865,
      1.3832318341354684,
      0.48863395017679406,
      1e-06
    ],
    [
      0.7620057645127277,
      0.1696961028238487,
      0.39223458918248977,
      1e-06,
      1e-06
    ]
  ],
  "scales": [
    3.861033698139165e-06,
    1.315849018683262,
    0.09151962472802742,
    0.7089543709261481,
    4.512804536542817e-06
  ]
}