{
  "version": "r2-regime-hmm-v1",
  "n_regimes": 4,
  "feature_columns": [
    "vol_20",
    "spread_20",
    "depth_20",
    "queue_imbalance",
    "log_ret_1"
  ],
  "regime_names": [
    "calm",
    "trending",
    "illiquid",
    "shock"
  ],
  "initial_probs": [
    9.999999999869955e-13,
    0.999999999997,
    9.999999999869955e-13,
    9.999999999869955e-13
  ],
  "transition_matrix": [
    [
      0.8983687922129215,
      0.04917751850639088,
      0.002769333341294425,
      0.049684355939393215
    ],
    [
      0.03441691476945726,
      0.9220850531837484,
      0.043498032045794256,
      9.99999999999003e-13
    ],
    [
      0.13289849327042716,
      0.012670368998538383,
      0.8481020116589477,
      0.0063291260720868495
    ],
    [
      9.999999999980015e-13,
      0.8421052642128259,
      0.15789473578517402,
      9.999999999980015e-13
    ]
  ],
  "means": [
    [
      0.4940815831632508,
      8.114007577497913,
      4.133281718316705,
      -0.6656392953795216,
      0.0
    ],
    [
      0.7469093258227502,
      8.114007577498061,
      4.542457095338401,
      0.9908874652862821,
      0.0
    ],
    [
      1.4317124217952135,
      10.219539696733284,
      4.120612141249848,
      -0.3998304911064945,
      0.5828767141260024
    ],
    [
      2.3809402050589465,
      8.114007577500567,
      4.158607823386151,
      1.123085026372099,
      -4.385440651663844
    ]
  ],
  "variances": [
    [
      0.7864517398232336,
      1e-06,
      1.1151595446285423,
      0.3153632133545959,
      1e-06
    ],
    [
      0.9827331637871287,
      1e-06,
      0.9170607609650762,
      0.18889323551145026,
      1e-06
    ],
    [
      0.7205603562373211,
      2.596300378481418,
      0.6897953912127808,
      1.0398217523860915,
      3.6771332068194926
    ],
    [
      0.14519278075922237,
      1e-06,
      1.173497277732096,
      0.1286009480072705,
      1e-06
    ]
  ],
  "scales": [
    2.045269739117357e-05,
    0.0012324366109460192,
    39.84115827392329,
    0.6514923039033365,
    2.5592738271859036e-05
  ]
}