{
  "trained_at_ns": 1774554277296658000,
  "train_rows": 1000,
  "train_window_ticks": 1000,
  "regime_retrain_every_ticks": 1000,
  "spread_means": [
    9.143091447847274,
    9.143091447846965,
    11.902520480386878,
    11.842532365045424
  ],
  "spread_range": 2.759429032539913,
  "regime_names": [
    "calm",
    "trending",
    "illiquid",
    "shock"
  ],
  "artifact_version": "r2-regime-hmm-v1"
}