{
  "version": "r2-regime-hmm-v1",
  "n_regimes": 4,
  "feature_columns": [
    "vol_20",
    "spread_20",
    "depth_20",
    "queue_imbalance",
    "log_ret_1"
  ],
  "regime_names": [
    "calm",
    "trending",
    "illiquid",
    "shock"
  ],
  "initial_probs": [
    0.999997,
    1e-06,
    1e-06,
    1e-06
  ],
  "transition_matrix": [
    [
      0.9,
      0.03333333333333333,
      0.03333333333333333,
      0.03333333333333333
    ],
    [
      0.03333333333333333,
      0.9,
      0.03333333333333333,
      0.03333333333333333
    ],
    [
      0.03333333333333333,
      0.03333333333333333,
      0.9,
      0.03333333333333333
    ],
    [
      0.03333333333333333,
      0.03333333333333333,
      0.03333333333333333,
      0.9
    ]
  ],
  "means": [
    [
      0.0,
      1.0000000000000002e-08,
      0.91087726,
      -0.5951358079228389,
      0.0
    ],
    [
      0.0,
      1.0000000000000002e-08,
      0.91087726,
      -0.5951358079228389,
      0.0
    ],
    [
      0.0,
      1.0000000000000002e-08,
      0.91087726,
      -0.5951358079228389,
      0.0
    ],
    [
      0.0,
      1.0000000000000002e-08,
      0.91087726,
      -0.5951358079228389,
      0.0
    ]
  ],
  "variances": [
    [
      1e-06,
      1e-06,
      1e-06,
      1e-06,
      1e-06
    ],
    [
      1e-06,
      1e-06,
      1e-06,
      1e-06,
      1e-06
    ],
    [
      1e-06,
      1e-06,
      1e-06,
      1e-06,
      1e-06
    ],
    [
      1e-06,
      1e-06,
      1e-06,
      1e-06,
      1e-06
    ]
  ],
  "scales": [
    1.0,
    1.0,
    1.0,
    1.0,
    1.0
  ]
}