{
  "version": "r2-regime-hmm-v1",
  "n_regimes": 4,
  "feature_columns": [
    "vol_20",
    "spread_20",
    "depth_20",
    "queue_imbalance",
    "log_ret_1"
  ],
  "regime_names": [
    "calm",
    "trending",
    "illiquid",
    "shock"
  ],
  "initial_probs": [
    0.9999999999969997,
    9.99999999940611e-13,
    9.99999999940611e-13,
    9.99999999940611e-13
  ],
  "transition_matrix": [
    [
      0.782087630759991,
      0.21504644765452177,
      9.999999999990044e-13,
      0.002865921584487278
    ],
    [
      0.8239546801355186,
      0.1760453198624813,
      9.999999999980003e-13,
      9.999999999980003e-13
    ],
    [
      9.99999999998e-13,
      9.99999999998e-13,
      0.8099214163294416,
      0.19007858366855848
    ],
    [
      0.01789785975818882,
      9.99999999999e-13,
      0.23264897712509433,
      0.7494531631157167
    ]
  ],
  "means": [
    [
      2.1373481729094337,
      9.143091447847274,
      1.801708087234786,
      -0.06531068391475274,
      0.0
    ],
    [
      2.659050027968313,
      9.143091447846965,
      1.7318747207136225,
      0.12022665010924492,
      -2.206534813776566e-07
    ],
    [
      3.125743137369019,
      11.902520480386878,
      1.4609644041210028,
      0.813788610913358,
      -0.5728955937831397
    ],
    [
      3.4830001768253025,
      11.842532365045424,
      1.6570258519580274,
      -1.4493900222445293,
      0.6941195532181021
    ]
  ],
  "variances": [
    [
      0.8661963015214156,
      1e-06,
      1.2260245865803432,
      0.9235813758171976,
      1e-06
    ],
    [
      0.3406309142928268,
      1e-06,
      0.5575840163994931,
      0.8672936696826672,
      4.1810350602828885
    ],
    [
      1.2852177890409553,
      1.693289577835402,
      0.21188011765401696,
      0.41629978979518956,
      1.5997751411366585
    ],
    [
      1.6506155189322926,
      1.850921904110291,
      0.38614460971653886,
      0.1450733754261602,
      1.5736756248564154
    ]
  ],
  "scales": [
    2.259417645473662e-05,
    0.0010937219710685845,
    272.18973830461084,
    0.5048217750665464,
    5.6957842741179464e-05
  ]
}