{
  "version": "r2-regime-hmm-v1",
  "n_regimes": 4,
  "feature_columns": [
    "vol_20",
    "spread_20",
    "depth_20",
    "queue_imbalance",
    "log_ret_1"
  ],
  "regime_names": [
    "calm",
    "illiquid",
    "trending",
    "shock"
  ],
  "initial_probs": [
    9.99999999995806e-13,
    0.9999999999969997,
    9.99999999995806e-13,
    9.99999999995806e-13
  ],
  "transition_matrix": [
    [
      0.9172274439383415,
      0.013255795401326832,
      0.04118277348306488,
      0.028333987177266772
    ],
    [
      0.024185157808922313,
      0.8805906304016268,
      0.04745574038231516,
      0.04776847140713578
    ],
    [
      0.24901276860966845,
      0.5264959062993646,
      0.04081704492249256,
      0.1836742801684744
    ],
    [
      0.3852044404587989,
      0.43297566722055353,
      0.15909221495856424,
      0.02272767736208324
    ]
  ],
  "means": [
    [
      0.8783199495065148,
      2.974253530372765,
      4.204003014873897,
      0.3991888265943533,
      0.0
    ],
    [
      1.1436896479422516,
      4.627879233428304,
      3.724350105755221,
      -0.25317387016451653,
      0.0
    ],
    [
      1.9378689385176522,
      3.877165500546057,
      3.692980264861831,
      -0.611837934080066,
      3.162599707538003
    ],
    [
      2.0614440525661557,
      3.943548615857448,
      3.8020496780418713,
      0.6919095918788882,
      -3.1377326589248113
    ]
  ],
  "variances": [
    [
      1.0098211056673692,
      0.20869791722887543,
      0.5476481235454763,
      0.7184184009926179,
      1e-06
    ],
    [
      0.8601812522147884,
      0.44700581990667526,
      1.4212335592776828,
      1.0601169706319864,
      1e-06
    ],
    [
      0.5079816384354994,
      0.7967247536442273,
      0.6860300382656638,
      0.8268502258815776,
      0.8530515249914864
    ],
    [
      0.5487793292170265,
      1.1124762456782384,
      0.8530642235942999,
      0.5645192261764065,
      0.7996877435975878
    ]
  ],
  "scales": [
    1.296997642982146e-05,
    0.004342535664791097,
    55.51125546251525,
    0.6547270958271775,
    1.9353880470326953e-05
  ]
}