{
  "version": "r2-regime-hmm-v1",
  "n_regimes": 4,
  "feature_columns": [
    "vol_20",
    "spread_20",
    "depth_20",
    "queue_imbalance",
    "log_ret_1"
  ],
  "regime_names": [
    "calm",
    "trending",
    "illiquid",
    "shock"
  ],
  "initial_probs": [
    9.999999998478426e-13,
    0.9999999999969997,
    9.999999998478426e-13,
    9.999999998478426e-13
  ],
  "transition_matrix": [
    [
      0.9660131648456417,
      0.019406431232733026,
      0.010372489365581132,
      0.004207914556044224
    ],
    [
      0.020090204544973293,
      0.9523575458590054,
      0.016468431808480084,
      0.011083817787541016
    ],
    [
      0.02121759484248126,
      0.014208456242033544,
      0.9645739489144852,
      9.999999999990597e-13
    ],
    [
      0.015414339894589277,
      0.013482442357530043,
      0.008447615754450037,
      0.9626556019934307
    ]
  ],
  "means": [
    [
      0.0,
      6.601739424046654e-07,
      1.5853031224477427,
      3.437368490239322,
      0.0
    ],
    [
      0.0,
      6.60173942404658e-07,
      1.4191244166426984,
      1.9380076630675043,
      0.0
    ],
    [
      0.0,
      6.601739424046641e-07,
      0.8887079284218891,
      3.280131855582717,
      0.0
    ],
    [
      2.881755662408996,
      1.6709801807569242,
      2.531087521579223,
      3.2870192331625083,
      0.055940046746235074
    ]
  ],
  "variances": [
    [
      1e-06,
      1e-06,
      0.20756148931451332,
      0.0009392414266847734,
      1e-06
    ],
    [
      1e-06,
      1e-06,
      1.7157479748166586,
      2.0962840901948714,
      1e-06
    ],
    [
      1e-06,
      1e-06,
      0.07598924432698591,
      0.00788988036706652,
      1e-06
    ],
    [
      0.9949336281913064,
      5.843039419004381,
      1.8490485627958515,
      0.3142849357995083,
      8.296002974506989
    ]
  ],
  "scales": [
    3.934901125152614e-05,
    0.015147523035482606,
    96.5692159010169,
    0.2783626950690487,
    4.1613151274994955e-05
  ]
}