{
  "version": "r2-regime-hmm-v1",
  "n_regimes": 4,
  "feature_columns": [
    "vol_20",
    "spread_20",
    "depth_20",
    "queue_imbalance",
    "log_ret_1"
  ],
  "regime_names": [
    "calm",
    "illiquid",
    "trending",
    "shock"
  ],
  "initial_probs": [
    9.999999999005933e-13,
    9.999999999005933e-13,
    0.9999999999969997,
    9.999999999005933e-13
  ],
  "transition_matrix": [
    [
      0.9128593122990797,
      0.07301319998125996,
      0.014127487718660245,
      9.99999999999e-13
    ],
    [
      0.4047423269237634,
      0.5952576730742367,
      9.99999999998e-13,
      9.99999999998e-13
    ],
    [
      9.999999999990001e-13,
      0.010105956276189423,
      0.8831602584748443,
      0.10673378524796638
    ],
    [
      9.99999999998e-13,
      9.99999999998e-13,
      0.9105281301596897,
      0.08947186983831021
    ]
  ],
  "means": [
    [
      0.3648421727135056,
      1.705317373281163,
      2.8946203160140644,
      -1.3565376176031025,
      0.0
    ],
    [
      0.7848623044132305,
      3.507896913884528,
      2.512167053978313,
      -0.8305352892589767,
      -0.15275345896416564
    ],
    [
      1.2964314719195662,
      0.8334112379559998,
      3.642732276280385,
      -1.4259496750118636,
      0.0
    ],
    [
      2.075677483742908,
      0.8334112379558927,
      3.5250068035150104,
      -1.5717288730765733,
      0.10979125908803689
    ]
  ],
  "variances": [
    [
      0.09115575556451275,
      0.4506841151076491,
      1.176220437520158,
      0.5460884169919517,
      1e-06
    ],
    [
      0.9249323713361155,
      4.134367188036619,
      1.7967660131225367,
      1.940096275576337,
      0.7550857456347778
    ],
    [
      1.12604488640776,
      1e-06,
      0.5277282137551527,
      1.0879735522181997,
      1e-06
    ],
    [
      0.8476753238712533,
      1e-06,
      0.3957112592734644,
      1.215022415814948,
      15.311698680531878
    ]
  ],
  "scales": [
    7.205830411844892e-05,
    0.011998878278301504,
    63.64108503199608,
    0.4296115533374229,
    9.95922860749266e-05
  ]
}