{
  "trained_at_ns": 1774510754499695000,
  "train_rows": 1000,
  "train_window_ticks": 1000,
  "regime_retrain_every_ticks": 1000,
  "spread_means": [
    8.114007577497913,
    8.114007577498061,
    10.219539696733284,
    8.114007577500567
  ],
  "spread_range": 2.10553211923537,
  "regime_names": [
    "calm",
    "trending",
    "illiquid",
    "shock"
  ],
  "artifact_version": "r2-regime-hmm-v1"
}