{
  "version": "r2-regime-hmm-v1",
  "n_regimes": 4,
  "feature_columns": [
    "vol_20",
    "spread_20",
    "depth_20",
    "queue_imbalance",
    "log_ret_1"
  ],
  "regime_names": [
    "illiquid",
    "calm",
    "trending",
    "shock"
  ],
  "initial_probs": [
    9.999999994985967e-13,
    0.9999999999969997,
    9.999999994985967e-13,
    9.999999994985967e-13
  ],
  "transition_matrix": [
    [
      0.49938398277978147,
      9.99999999998e-13,
      0.5006160172182185,
      9.99999999998e-13
    ],
    [
      9.99999999998e-13,
      0.9938931291746815,
      9.99999999998e-13,
      0.006106870823318538
    ],
    [
      0.4993839827626012,
      9.999999999979999e-13,
      0.5006160172353986,
      9.999999999979999e-13
    ],
    [
      0.011352158422888536,
      0.06818175826071672,
      0.011375093253383317,
      0.9090909900630114
    ]
  ],
  "means": [
    [
      2.75347978831933e-06,
      4.352036085555744,
      6.622285356716182,
      -1.1732085997774473,
      0.0
    ],
    [
      4.417613568973346e-17,
      2.1733270950905896,
      6.860428756291429,
      0.9448115937480984,
      0.0
    ],
    [
      2.7522566299505455e-06,
      4.352036085555728,
      6.62228535671616,
      -1.1732085997774366,
      0.0
    ],
    [
      4.611485835052244,
      2.5968792337284317,
      7.157235947677298,
      0.034926372314433844,
      -0.1349656441779082
    ]
  ],
  "variances": [
    [
      1e-06,
      1e-06,
      1e-06,
      1e-06,
      1e-06
    ],
    [
      1e-06,
      0.00025625858294746936,
      1.4823680650450353,
      0.02664247846197342,
      1e-06
    ],
    [
      1e-06,
      1e-06,
      1e-06,
      1e-06,
      1e-06
    ],
    [
      2.397153839983946,
      0.40938177585625185,
      0.2622478477801078,
      1.248165886594436,
      22.70983745283259
    ]
  ],
  "scales": [
    0.0001933338897548828,
    0.04595550130556933,
    0.27595736540507465,
    0.8523540064538764,
    0.0002212447792667574
  ]
}