{
  "version": "r2-regime-hmm-v1",
  "n_regimes": 4,
  "feature_columns": [
    "vol_20",
    "spread_20",
    "depth_20",
    "queue_imbalance",
    "log_ret_1"
  ],
  "regime_names": [
    "calm",
    "illiquid",
    "trending",
    "shock"
  ],
  "initial_probs": [
    0.999999999997,
    1.0000000000461127e-12,
    1.0000000000461127e-12,
    1.0000000000461127e-12
  ],
  "transition_matrix": [
    [
      0.985111662474322,
      0.004962779172579159,
      0.002479873608541428,
      0.007445684744557434
    ],
    [
      9.999999999980067e-13,
      0.9791666666540348,
      0.020833333343965012,
      9.999999999980067e-13
    ],
    [
      0.008130120769568608,
      0.0027102085026903876,
      0.7966867083618719,
      0.19247296236586897
    ],
    [
      0.024091460700342578,
      9.999999999990003e-13,
      0.8674307918824533,
      0.10847774741620425
    ]
  ],
  "means": [
    [
      0.0,
      4.9531055739680765,
      3.6961817465930094,
      -0.6224650803611463,
      0.0
    ],
    [
      0.6685731805158618,
      7.429658360171055,
      4.126042282951078,
      -0.5952586468831325,
      -0.06983603592059637
    ],
    [
      1.9510090350808733,
      4.953105573967458,
      4.1937317864152455,
      -0.7902017472326996,
      0.0
    ],
    [
      2.2075749264628834,
      4.9531055739675125,
      4.114140112943502,
      -0.7224524023586867,
      0.12112525077228013
    ]
  ],
  "variances": [
    [
      1e-06,
      1e-06,
      0.8309183092205636,
      1.323305394828211,
      1e-06
    ],
    [
      0.12130988027965203,
      1.6943279128922693,
      3.0433556712539813,
      0.18617314670223958,
      0.4632970225377927
    ],
    [
      0.22056909741588782,
      1e-06,
      0.3961105025481448,
      0.9588697088385114,
      1e-06
    ],
    [
      0.31832177148257695,
      1e-06,
      0.3182971443596926,
      0.9420009108418356,
      11.217923129906087
    ]
  ],
  "scales": [
    2.4702224791121432e-05,
    0.002018935363008389,
    128.4149925985914,
    0.37457420590170726,
    3.448893733531141e-05
  ]
}