{
  "version": "r2-regime-hmm-v1",
  "n_regimes": 4,
  "feature_columns": [
    "vol_20",
    "spread_20",
    "depth_20",
    "queue_imbalance",
    "log_ret_1"
  ],
  "regime_names": [
    "calm",
    "trending",
    "illiquid",
    "shock"
  ],
  "initial_probs": [
    0.25,
    0.25,
    0.25,
    0.25
  ],
  "transition_matrix": [
    [
      0.25,
      0.25,
      0.25,
      0.25
    ],
    [
      0.25,
      0.25,
      0.25,
      0.25
    ],
    [
      0.25,
      0.25,
      0.25,
      0.25
    ],
    [
      0.25,
      0.25,
      0.25,
      0.25
    ]
  ],
  "means": [
    [
      0.0,
      1.0000000000000556e-08,
      1.2187717700000393,
      -0.9998403392635727,
      0.0
    ],
    [
      0.0,
      1.0000000000000556e-08,
      1.2187717700000393,
      -0.9998403392635727,
      0.0
    ],
    [
      0.0,
      1.0000000000000556e-08,
      1.2187717700000393,
      -0.9998403392635727,
      0.0
    ],
    [
      0.0,
      1.0000000000000556e-08,
      1.2187717700000393,
      -0.9998403392635727,
      0.0
    ]
  ],
  "variances": [
    [
      1e-06,
      1e-06,
      1e-06,
      1e-06,
      1e-06
    ],
    [
      1e-06,
      1e-06,
      1e-06,
      1e-06,
      1e-06
    ],
    [
      1e-06,
      1e-06,
      1e-06,
      1e-06,
      1e-06
    ],
    [
      1e-06,
      1e-06,
      1e-06,
      1e-06,
      1e-06
    ]
  ],
  "scales": [
    1.0,
    1.0,
    1.0,
    1.0,
    1.0
  ]
}