{
  "version": "r2-regime-hmm-v1",
  "n_regimes": 4,
  "feature_columns": [
    "vol_20",
    "spread_20",
    "depth_20",
    "queue_imbalance",
    "log_ret_1"
  ],
  "regime_names": [
    "calm",
    "illiquid",
    "shock",
    "trending"
  ],
  "initial_probs": [
    1.0000000000099603e-12,
    1.0000000000099603e-12,
    1.0000000000099603e-12,
    0.999999999997
  ],
  "transition_matrix": [
    [
      0.9309122980559775,
      0.06908770194202235,
      9.999999999979999e-13,
      9.999999999979999e-13
    ],
    [
      0.0039036161462110675,
      0.8829331853796405,
      0.10301445961727812,
      0.01014873885687044
    ],
    [
      9.99999999999e-13,
      0.6238011825529751,
      0.08607842090914694,
      0.29012039653687793
    ],
    [
      9.99999999999e-13,
      8.091712803344292e-10,
      0.09116379253936543,
      0.9088362066504633
    ]
  ],
  "means": [
    [
      1.059778830386614,
      6.054932505897343,
      5.753144503189061,
      -1.4331717998477027,
      -0.177014258919302
    ],
    [
      1.6362513655449507,
      2.7505477655066066,
      2.975582235864122,
      -0.49026067792081224,
      0.0
    ],
    [
      2.106915914354489,
      2.1781074270025784,
      2.816340432097661,
      -0.6575207997103352,
      0.05454719804823863
    ],
    [
      1.5375503954298722,
      1.6799430296925173,
      3.0618742386110855,
      0.1617176635019506,
      0.0
    ]
  ],
  "variances": [
    [
      0.8201087866667347,
      0.08389517376595443,
      0.5704217336490205,
      0.5896896052977494,
      2.2384406511193324
    ],
    [
      0.5388834397721197,
      0.6241050610577832,
      1.2347164295289463,
      0.8583302762968051,
      1e-06
    ],
    [
      0.5842345993518534,
      0.3035735384893364,
      0.6776413269985037,
      0.9556420552952529,
      9.93187847643858
    ],
    [
      1.6779138493905357,
      0.01487148899270146,
      0.18474066814421558,
      0.8443209281646179,
      1e-06
    ]
  ],
  "scales": [
    1.1733464342225223e-05,
    0.0063151857454878,
    64.39123705506074,
    0.5656184823755416,
    2.237333114331301e-05
  ]
}