{
  "version": "r2-regime-hmm-v1",
  "n_regimes": 4,
  "feature_columns": [
    "vol_20",
    "spread_20",
    "depth_20",
    "queue_imbalance",
    "log_ret_1"
  ],
  "regime_names": [
    "calm",
    "trending",
    "illiquid",
    "shock"
  ],
  "initial_probs": [
    0.999997,
    1e-06,
    1e-06,
    1e-06
  ],
  "transition_matrix": [
    [
      0.9,
      0.03333333333333333,
      0.03333333333333333,
      0.03333333333333333
    ],
    [
      0.03333333333333333,
      0.9,
      0.03333333333333333,
      0.03333333333333333
    ],
    [
      0.03333333333333333,
      0.03333333333333333,
      0.9,
      0.03333333333333333
    ],
    [
      0.03333333333333333,
      0.03333333333333333,
      0.03333333333333333,
      0.9
    ]
  ],
  "means": [
    [
      0.0,
      0.10000000000582077,
      0.596400829789,
      0.40781540456612475,
      0.0
    ],
    [
      0.0,
      0.10000000000582077,
      0.596400829789,
      0.40781540456612475,
      0.0
    ],
    [
      0.0,
      0.10000000000582077,
      0.596400829789,
      0.40781540456612475,
      0.0
    ],
    [
      0.0,
      0.10000000000582077,
      0.596400829789,
      0.40781540456612475,
      0.0
    ]
  ],
  "variances": [
    [
      1e-06,
      1e-06,
      0.0133741252705434,
      0.008744371205039795,
      1e-06
    ],
    [
      1e-06,
      1e-06,
      0.0133741252705434,
      0.008744371205039795,
      1e-06
    ],
    [
      1e-06,
      1e-06,
      0.0133741252705434,
      0.008744371205039795,
      1e-06
    ],
    [
      1e-06,
      1e-06,
      0.0133741252705434,
      0.008744371205039795,
      1e-06
    ]
  ],
  "scales": [
    1.0,
    1.0,
    0.11564655321514515,
    0.09351134265445982,
    1.0
  ]
}