{
  "trained_at_ns": 1774553666223716000,
  "train_rows": 1000,
  "train_window_ticks": 1000,
  "regime_retrain_every_ticks": 1000,
  "spread_means": [
    10.315136807763734,
    7.841437842413752,
    7.162985638916739,
    7.162985638916952
  ],
  "spread_range": 3.152151168846995,
  "regime_names": [
    "calm",
    "illiquid",
    "trending",
    "shock"
  ],
  "artifact_version": "r2-regime-hmm-v1"
}