{
  "trained_at_ns": 1774556893937828000,
  "train_rows": 1000,
  "train_window_ticks": 1000,
  "regime_retrain_every_ticks": 1000,
  "spread_means": [
    4.9531055739680765,
    7.429658360171055,
    4.953105573967458,
    4.9531055739675125
  ],
  "spread_range": 2.4765527862035963,
  "regime_names": [
    "calm",
    "illiquid",
    "trending",
    "shock"
  ],
  "artifact_version": "r2-regime-hmm-v1"
}