{
  "version": "r2-regime-hmm-v1",
  "n_regimes": 4,
  "feature_columns": [
    "vol_20",
    "spread_20",
    "depth_20",
    "queue_imbalance",
    "log_ret_1"
  ],
  "regime_names": [
    "calm",
    "illiquid",
    "trending",
    "shock"
  ],
  "initial_probs": [
    1.000000000025649e-12,
    1.000000000025649e-12,
    1.000000000025649e-12,
    0.9999999999970001
  ],
  "transition_matrix": [
    [
      0.9799999978191976,
      9.999999999979999e-13,
      9.999999999979999e-13,
      0.020000002178802222
    ],
    [
      9.99999999998e-13,
      0.9843749995752608,
      0.015625000422739215,
      9.99999999998e-13
    ],
    [
      9.99999999998e-13,
      9.99999999998e-13,
      0.956201990282554,
      0.043798009715445944
    ],
    [
      0.026785873219497196,
      0.004513497286445363,
      0.07589795438113288,
      0.8928026751129245
    ]
  ],
  "means": [
    [
      0.04930661375280415,
      0.49794873673321977,
      1.476485622031769,
      -1.1442722649253532,
      0.0
    ],
    [
      0.13118309014743262,
      2.941369450993264,
      0.34342786950904525,
      -0.6715550908923741,
      0.0
    ],
    [
      0.16350997195289668,
      1.9522658464621392,
      0.11818356988870266,
      0.9024487232238383,
      0.0
    ],
    [
      2.2135555168290115,
      1.3671379379567965,
      0.5172997150061529,
      0.17485536460316803,
      0.017831485322885685
    ]
  ],
  "variances": [
    [
      0.01819148473283972,
      0.080924106391109,
      1.8907414804620841,
      0.01589427481280374,
      1e-06
    ],
    [
      0.04087045677729572,
      0.023577447668546327,
      0.005078578220025345,
      1e-06,
      1e-06
    ],
    [
      0.05588886789353126,
      0.8483963827079768,
      0.007212804578884314,
      0.022028028956288,
      1e-06
    ],
    [
      0.8887941244596615,
      0.4711632022437825,
      0.43890385943801785,
      0.9932697161684243,
      4.444441825826918
    ]
  ],
  "scales": [
    7.586059638616675e-06,
    3.308907975450511,
    1.3691077708072845,
    0.8048241332469587,
    9.32689410170251e-06
  ]
}