{
  "version": "r2-regime-hmm-v1",
  "n_regimes": 4,
  "feature_columns": [
    "vol_20",
    "spread_20",
    "depth_20",
    "queue_imbalance",
    "log_ret_1"
  ],
  "regime_names": [
    "calm",
    "illiquid",
    "trending",
    "shock"
  ],
  "initial_probs": [
    9.999999999912017e-13,
    9.999999999912017e-13,
    0.9999999999969997,
    9.999999999912017e-13
  ],
  "transition_matrix": [
    [
      0.9663395937888518,
      0.011245979342855943,
      0.022414426867292187,
      9.99999999999e-13
    ],
    [
      0.38471682543091656,
      0.48716150966153543,
      9.99999999999013e-13,
      0.12812166490654806
    ],
    [
      9.999999999990001e-13,
      0.0030188063888301683,
      0.9081401964409722,
      0.08884099716919762
    ],
    [
      9.99999999999e-13,
      0.004175016242634571,
      0.2457061338389913,
      0.7501188499173741
    ]
  ],
  "means": [
    [
      0.5408670607306988,
      10.315136807763734,
      1.7101064049317083,
      -0.8717132233371743,
      -0.020394953160103476
    ],
    [
      0.8721340520159621,
      7.841437842413752,
      3.5242329465001934,
      0.5864657978294907,
      0.07769054750993255
    ],
    [
      1.9220828508906136,
      7.162985638916739,
      2.2913582865721698,
      -0.8018919257656345,
      0.226510356949399
    ],
    [
      2.162738827637753,
      7.162985638916952,
      2.071769976298846,
      1.3163280659387628,
      -0.6274002368900854
    ]
  ],
  "variances": [
    [
      0.21275613048185021,
      2.1394135221276156,
      1.7548345474815537,
      0.23715517760768823,
      0.011954018948500608
    ],
    [
      0.20025215998288629,
      0.14997010601352423,
      2.8378882366890905,
      0.6798828449723306,
      2.020770552467126
    ],
    [
      0.9254375248098246,
      1e-06,
      0.8997210716380142,
      0.20956004112026233,
      0.6901597458149903
    ],
    [
      0.7441164869456147,
      1e-06,
      0.7506595584770382,
      0.02681463257498541,
      1.6568757215893848
    ]
  ],
  "scales": [
    4.6394974553353134e-05,
    0.0013960659010219,
    325.38035717043505,
    0.7078194383749129,
    9.624440236223264e-05
  ]
}