{
  "version": "r2-regime-hmm-v1",
  "n_regimes": 4,
  "feature_columns": [
    "vol_20",
    "spread_20",
    "depth_20",
    "queue_imbalance",
    "log_ret_1"
  ],
  "regime_names": [
    "calm",
    "trending",
    "illiquid",
    "shock"
  ],
  "initial_probs": [
    0.9999999999970001,
    1.0000000000843116e-12,
    1.0000000000843116e-12,
    1.0000000000843116e-12
  ],
  "transition_matrix": [
    [
      0.9985468158943457,
      0.0014531841036541054,
      9.999999999979999e-13,
      9.999999999979999e-13
    ],
    [
      0.004243710915915911,
      0.9915135570132644,
      9.999999999990001e-13,
      0.004242732069819732
    ],
    [
      9.99999999998e-13,
      9.99999999998e-13,
      0.971428571426838,
      0.02857142857116206
    ],
    [
      9.99999999999e-13,
      0.02499999999940884,
      0.025000000000136434,
      0.9499999999994546
    ]
  ],
  "means": [
    [
      0.0,
      0.04270146372731186,
      18.701395061605595,
      -3.7843921081053806,
      0.0
    ],
    [
      0.000198709793082815,
      0.04271052228953728,
      19.6408009674113,
      -5.5617903018155825,
      -0.0008711778350438902
    ],
    [
      0.0013381629263756016,
      4.739862471431037,
      16.927774609407543,
      -6.011863959419219,
      0.0
    ],
    [
      5.102944926288228,
      2.3912285907449675,
      17.804923012051674,
      -6.027900266456498,
      -1.1242133486332913
    ]
  ],
  "variances": [
    [
      1e-06,
      1e-06,
      0.8532781400276572,
      0.2867586793446733,
      1e-06
    ],
    [
      9.267154860457151e-06,
      1e-06,
      0.27599891204953136,
      0.11386513801566163,
      0.0001781236200752237
    ],
    [
      6.088312059551651e-05,
      1e-06,
      1.6491648442423691e-06,
      1e-06,
      1e-06
    ],
    [
      0.0024014934762758644,
      1.8475525698849569,
      0.2945527734941107,
      0.0010340086287040386,
      23.786107252975196
    ]
  ],
  "scales": [
    3.3953649400826606e-07,
    0.2341840099139957,
    0.13478914783149815,
    0.16143447535013053,
    3.4634897882858767e-07
  ]
}