{
  "trained_at_ns": 1774381138277979000,
  "train_rows": 1000,
  "train_window_ticks": 1000,
  "regime_retrain_every_ticks": 5000,
  "spread_means": [
    8.95112111063046,
    5.4249218852302326,
    6.723223136264328,
    6.721240801390762
  ],
  "spread_range": 3.5261992254002275,
  "regime_names": [
    "calm",
    "trending",
    "illiquid",
    "shock"
  ],
  "artifact_version": "r2-regime-hmm-v1"
}