{
  "version": "r2-regime-hmm-v1",
  "n_regimes": 4,
  "feature_columns": [
    "vol_20",
    "spread_20",
    "depth_20",
    "queue_imbalance",
    "log_ret_1"
  ],
  "regime_names": [
    "calm",
    "trending",
    "illiquid",
    "shock"
  ],
  "initial_probs": [
    0.999999999997,
    9.999999999624392e-13,
    9.999999999624392e-13,
    9.999999999624392e-13
  ],
  "transition_matrix": [
    [
      0.9473684210501371,
      9.999999999980003e-13,
      0.052631578947862974,
      9.999999999980003e-13
    ],
    [
      9.999999999979999e-13,
      0.9868421052607796,
      9.999999999979999e-13,
      0.013157894737220222
    ],
    [
      9.99999999999e-13,
      0.008474938381028054,
      0.8694566238514757,
      0.12206843776649615
    ],
    [
      9.99999999998e-13,
      9.99999999998e-13,
      0.8836630788266919,
      0.11633692117130795
    ]
  ],
  "means": [
    [
      0.0,
      8.95112111063046,
      1.86618972321621,
      -1.384330484219792,
      0.1664397440034002
    ],
    [
      6.329475456144447e-08,
      5.4249218852302326,
      2.602714887202974,
      -0.06141899888979222,
      0.0
    ],
    [
      1.911145989408222,
      6.723223136264328,
      2.1487030109882723,
      -0.46503796599307273,
      0.0
    ],
    [
      2.1273191474429094,
      6.721240801390762,
      2.046312566057513,
      -1.0089621072378128,
      0.03675872778180193
    ]
  ],
  "variances": [
    [
      1e-06,
      1e-06,
      1e-06,
      0.5605990987171455,
      2.6040057080601926
    ],
    [
      1e-06,
      1e-06,
      2.120053703063095,
      0.942820853126648,
      1e-06
    ],
    [
      0.2621209232579272,
      0.7815269525665913,
      0.45233622429819004,
      0.9252675597495722,
      1e-06
    ],
    [
      0.21703428537302746,
      0.6474600587210267,
      0.4263816454578686,
      0.7924633215656737,
      11.042359825768084
    ]
  ],
  "scales": [
    1.0910942434323376e-05,
    0.0018433445147337114,
    268.3497246924771,
    0.48826814743329966,
    1.7789655351616136e-05
  ]
}